iso2,iso3,iso_numerique,nom,noms_reconnus,latitude,longitude,etat_de_rattachement,nom_de,nom_es,nom_it,nom_ja,nom_ko,nom_nl,nom_pt,nom_zh
AW,ABW,533,Aruba,aruba,12.5,-69.967,NL,Aruba,Aruba,Aruba,アルバ,아루바,Aruba,Aruba,阿鲁巴
AF,AFG,004,Afghanistan,afghanistan|islamic republic of afghanistan|republique islamique d afghanistan|islamische republik afghanistan|afganistan|republica islamica de afganistan|repubblica islamica dell afghanistan|afeganistao|republica islamica do afeganistao,33,65,,Afghanistan,Afganistán,Afghanistan,アフガニスタン,아프가니스탄,Afghanistan,Afeganistão,阿富汗
AO,AGO,024,Angola,angola|republic of angola|republique d angola|republik angola|republica de angola|repubblica dell angola,-12.5,18.5,,Angola,Angola,Angola,アンゴラ,앙골라,Angola,Angola,安哥拉
AI,AIA,660,Anguilla,anguilla|anguila,18.25,-63.167,GB,Anguilla,Anguilla,Anguilla,アンギラ,앵귈라,Anguilla,Anguilla,安圭拉
AX,ALA,248,Åland Islands,aland islands|ahvenanmaa|aland|aland inseln|alandia|islas aland|isole aland|ilhas aland,60.117,19.9,FI,Åland,Alandia,Isole Aland,オーランド,올란드 제도,Ålandeilanden,Alândia,奥兰群岛
AL,ALB,008,Albania,albania|republic of albania|albanie|republique d albanie|albanien|republik albanien|republica de albania|repubblica d albania|republica da albania,41,20,,Albanien,Albania,Albania,アルバニア,알바니아,Albanië,Albânia,阿尔巴尼亚
AD,AND,020,Andorra,andorra|principality of andorra|andorre|principaute d andorre|furstentum andorra|principado de andorra|principato di andorra,42.5,1.5,,Andorra,Andorra,Andorra,アンドラ,안도라,Andorra,Andorra,安道尔
AE,ARE,784,United Arab Emirates,united arab emirates|emirats arabes unis|vereinigte arabische emirate|emiratos arabes unidos|emirati arabi uniti|emirados arabes unidos,24,54,,Vereinigte Arabische Emirate,Emiratos Árabes Unidos,Emirati Arabi Uniti,UAE,아랍에미리트,Verenigde Arabische Emiraten,Emirados Árabes Unidos,阿拉伯联合酋长国
AR,ARG,032,Argentina,argentina|argentine republic|argentine|republique argentine|argentinien|argentinische republik|republica argentina|repubblica argentina,-34,-64,,Argentinien,Argentina,Argentina,アルゼンチン,아르헨티나,Argentinië,Argentina,阿根廷
AM,ARM,051,Armenia,armenia|republic of armenia|armenie|republique d armenie|armenien|republik armenien|republica de armenia|repubblica di armenia|republica da armenia,40,45,,Armenien,Armenia,Armenia,アルメニア,아르메니아,Armenië,Arménia,亚美尼亚
AS,ASM,016,American Samoa,american samoa|samoa americaines|amerikanisch samoa|samoa americana|samoa americane,-14.333,-170,US,Amerikanisch-Samoa,Samoa Americana,Samoa Americane,アメリカ領サモア,아메리칸사모아,Amerikaans Samoa,Samoa Americana,美属萨摩亚
AQ,ATA,010,Antarctica,antarctica|antarctique|antarktis|antarktika|antartida|antartide|antartica,-90,0,,Antarktis,Antártida,Antartide,南極大陸,남극,Antarctica,Antártida,南极洲
TF,ATF,260,French Southern and Antarctic Lands,french southern and antarctic lands|territory of the french southern and antarctic lands|terres australes et antarctiques francaises|territoire des terres australes et antarctiques francaises|franzosische sud und antarktisgebiete|gebiet der franzosisch sud und antarktisgebiete|tierras australes y antarticas francesas|territorio del frances tierras australes y antarticas|territori francesi del sud|territorio della australi e antartiche francesi terre|terras austrais e antarticas francesas|territorio do sul e antartica francesa,-49.25,69.167,FR,Französische Süd- und Antarktisgebiete,Tierras Australes y Antárticas Francesas,Territori Francesi del Sud,フランス領南方・南極地域,프랑스령 남부와 남극 지역,Franse Gebieden in de zuidelijke Indische Oceaan,Terras Austrais e Antárticas Francesas,法国南部和南极土地
AG,ATG,028,Antigua and Barbuda,antigua and barbuda|antigua et barbuda|antigua und barbuda|antigua y barbuda|antigua e barbuda,17.05,-61.8,,Antigua und Barbuda,Antigua y Barbuda,Antigua e Barbuda,アンティグア・バーブーダ,앤티가 바부다,Antigua en Barbuda,Antígua e Barbuda,安提瓜和巴布达
AU,AUS,036,Australia,australia|commonwealth of australia|australie|australien|commonwealth australien|mancomunidad de australia|commonwealth dell australia|comunidade da australia,-27,133,,Australien,Australia,Australia,オーストラリア,호주,Australië,Austrália,澳大利亚
AT,AUT,040,Austria,austria|republic of austria|autriche|republique d autriche|osterreich|republik osterreich|republica de austria|repubblica d austria|republica da austria,47.333,13.333,,Österreich,Austria,Austria,オーストリア,오스트리아,Oostenrijk,Áustria,奥地利
AZ,AZE,031,Azerbaijan,azerbaijan|republic of azerbaijan|azerbaidjan|republique d azerbaidjan|aserbaidschan|republik aserbaidschan|azerbaiyan|republica de azerbaiyan|repubblica dell azerbaigian|azerbeijao|republica do azerbaijao,40.5,47.5,,Aserbaidschan,Azerbaiyán,Azerbaijan,アゼルバイジャン,아제르바이잔,Azerbeidzjan,Azerbeijão,阿塞拜疆
BI,BDI,108,Burundi,burundi|republic of burundi|republique du burundi|republik burundi|republica de burundi|repubblica del burundi|republica do burundi,-3.5,30,,Burundi,Burundi,Burundi,ブルンジ,부룬디,Burundi,Burundi,布隆迪
BE,BEL,056,Belgium,belgium|kingdom of belgium|belgique|royaume de belgique|belgien|konigreich belgien|belgica|reino de belgica|belgio|regno del belgio|reino da belgica,50.833,4,,Belgien,Bélgica,Belgio,ベルギー,벨기에,België,Bélgica,比利时
BJ,BEN,204,Benin,benin|republic of benin|republique du benin|republik benin|republica de benin|repubblica del benin|republica do benin,9.5,2.25,,Benin,Benín,Benin,ベナン,베냉,Benin,Benin,贝宁
BF,BFA,854,Burkina Faso,burkina faso|republique du burkina,13,-2,,Burkina Faso,Burkina Faso,Burkina Faso,ブルキナファソ,부르키나파소,Burkina Faso,Burkina Faso,布基纳法索
BD,BGD,050,Bangladesh,bangladesh|people s republic of bangladesh|la republique populaire du bangladesh|bangladesch|volksrepublik bangladesch|republica popular de bangladesh|repubblica popolare del bangladesh|republica popular do bangladesh,24,90,,Bangladesch,Bangladesh,Bangladesh,バングラデシュ,방글라데시,Bangladesh,Bangladesh,孟加拉国
BG,BGR,100,Bulgaria,bulgaria|republic of bulgaria|bulgarie|republique de bulgarie|bulgarien|republik bulgarien|republica de bulgaria|repubblica di bulgaria|republica da bulgaria,43,25,,Bulgarien,Bulgaria,Bulgaria,ブルガリア,불가리아,Bulgarije,Bulgária,保加利亚
BH,BHR,048,Bahrain,bahrain|kingdom of bahrain|bahrein|royaume de bahrein|konigreich bahrain|reino de bahrein|regno del bahrain|reino do bahrein,26,50.55,,Bahrain,Bahrein,Bahrein,バーレーン,바레인,Bahrein,Bahrein,巴林
BS,BHS,044,Bahamas,bahamas|commonwealth of the bahamas|commonwealth des bahamas|commonwealth der bahamas|commonwealth de las bahamas|commonwealth delle bahamas|comunidade das bahamas,24.25,-76,,Bahamas,Bahamas,Bahamas,バハマ,바하마,Bahama’s,Bahamas,巴哈马
BA,BIH,070,Bosnia and Herzegovina,bosnia and herzegovina|bosnie herzegovine|bosnie et herzegovine|bosnien und herzegowina|bosnia y herzegovina|bosnia ed erzegovina|bosnia erzegovina|bosnia e herzegovina,44,18,,Bosnien und Herzegowina,Bosnia y Herzegovina,Bosnia ed Erzegovina,ボスニア・ヘルツェゴビナ,보스니아 헤르체고비나,Bosnië en Herzegovina,Bósnia e Herzegovina,波斯尼亚和黑塞哥维那
BL,BLM,652,Saint Barthélemy,saint barthelemy|collectivity of saint barthelemy|collectivite de saint barthelemy|gebietskorperschaft saint barthelemy|san bartolome|colectividad de san barthelemy|antille francesi|collettivita di saint barthelemy|sao bartolomeu|coletividade de saint barthelemy,18.5,-63.417,FR,Saint-Barthélemy,San Bartolomé,Antille Francesi,サン・バルテルミー島,생바르텔레미,Saint Barthélemy,São Bartolomeu,圣巴泰勒米
SH,SHN,654,"Saint Helena, Ascension and Tristan da Cunha",saint helena ascension and tristan da cunha|sainte helene ascension et tristan da cunha|st helena ascension und tristan da cunha|sankt helena ascension und tristan da cunha|santa elena ascension y tristan de acuna|sant elena ascensione e tristan da cunha|santa helena ascensao e tristao da cunha,-15.95,-5.72,GB,"St. Helena, Ascension und Tristan da Cunha","Santa Elena, Ascensión y Tristán de Acuña","Sant'Elena, Ascensione e Tristan da Cunha",セントヘレナ,세인트헬레나,"Sint-Helena, Ascension en Tristan da Cunha","Santa Helena, Ascensão e Tristão da Cunha",圣赫勒拿、阿森松和特里斯坦-达库尼亚
BY,BLR,112,Belarus,belarus|republic of belarus|bielorussie|republique de bielorussie|republik belarus|bielorrusia|republica de belarus|bielorussia|repubblica di belarus|republica da bielorrussia,53,28,,Belarus,Bielorrusia,Bielorussia,ベラルーシ,벨라루스,Wit-Rusland,Bielorússia,白俄罗斯
BZ,BLZ,084,Belize,belize|belice,17.25,-88.75,,Belize,Belice,Belize,ベリーズ,벨리즈,Belize,Belize,伯利兹
BM,BMU,060,Bermuda,bermuda|bermudes|bermudas,32.333,-64.75,GB,Bermuda,Bermudas,Bermuda,バミューダ,버뮤다,Bermuda,Bermudas,百慕大
BO,BOL,068,Bolivia,bolivia|plurinational state of bolivia|bolivie|etat plurinational de bolivie|bolivien|plurinationaler staat bolivien|estado plurinacional de bolivia|stato plurinazionale della bolivia|estado plurinacional da bolivia,-17,-65,,Bolivien,Bolivia,Bolivia,ボリビア,볼리비아,Bolivia,Bolívia,玻利维亚
BQ,BES,535,Caribbean Netherlands,caribbean netherlands|bonaire sint eustatius and saba|pays bas caribeens|bonaire saint eustache et saba|karibische niederlande|bonaire sint eustatius und saba|caribe neerlandes|bonaire san eustaquio y saba|paesi bassi caraibici|bonaire sint eustatius e saba|paises baixos caribenhos|bonaire saba e santo eustaquio,12.18,-68.25,NL,Karibische Niederlande,Caribe Neerlandés,Paesi Bassi caraibici,BES諸島,카리브 네덜란드,Caribisch Nederland,Países Baixos Caribenhos,荷蘭加勒比區
BR,BRA,076,Brazil,brazil|federative republic of brazil|bresil|republique federative du bresil|brasilien|foderative republik brasilien|brasil|republica federativa del brasil|brasile|repubblica federativa del brasile|republica federativa do brasil,-10,-55,,Brasilien,Brasil,Brasile,ブラジル,브라질,Brazilië,Brasil,巴西
BB,BRB,052,Barbados,barbados|barbade,13.167,-59.533,,Barbados,Barbados,Barbados,バルバドス,바베이도스,Barbados,Barbados,巴巴多斯
BN,BRN,096,Brunei,brunei|nation of brunei abode of peace|etat de brunei darussalam|sultanat brunei darussalam|nacion de brunei morada de la paz|nazione di brunei dimora della pace|nacao do brunei morada da paz,4.5,114.667,,Brunei,Brunei,Brunei,ブルネイ,브루나이,Brunei,Brunei,文莱
BT,BTN,064,Bhutan,bhutan|kingdom of bhutan|bhoutan|royaume du bhoutan|konigreich bhutan|butan|reino de butan|regno del bhutan|butao|reino do butao,27.5,90.5,,Bhutan,Bután,Bhutan,ブータン,부탄,Bhutan,Butão,不丹
BV,BVT,074,Bouvet Island,bouvet island|ile bouvet|bouvetinsel|isla bouvet|isola bouvet|ilha bouvet,-54.433,3.4,NO,Bouvetinsel,Isla Bouvet,Isola Bouvet,ブーベ島,부베 섬,Bouveteiland,Ilha Bouvet,布维岛
BW,BWA,072,Botswana,botswana|republic of botswana|republique du botswana|republik botsuana|republica de botswana|repubblica del botswana|republica do botswana,-22,24,,Botswana,Botswana,Botswana,ボツワナ,보츠와나,Botswana,Botswana,博茨瓦纳
CF,CAF,140,Central African Republic,central african republic|republique centrafricaine|zentralafrikanische republik|republica centroafricana|repubblica centrafricana|republica centro africana|republica centro africano,7,21,,Zentralafrikanische Republik,República Centroafricana,Repubblica Centrafricana,中央アフリカ,중앙아프리카 공화국,Centraal-Afrikaanse Republiek,República Centro-Africana,中非共和国
CA,CAN,124,Canada,canada|kanada,60,-95,,Kanada,Canadá,Canada,カナダ,캐나다,Canada,Canadá,加拿大
CC,CCK,166,Cocos (Keeling) Islands,cocos keeling islands|territory of the cocos keeling islands|iles cocos|territoire des iles cocos keeling|kokosinseln|gebiet der kokos keeling inseln|islas cocos o islas keeling|territorio de los keeling islas cocos|isole cocos e keeling|territorio della keeling isole cocos|ilhas cocos keeling|territorio dos cocos keeling,-12.5,96.833,AU,Kokosinseln,Islas Cocos o Islas Keeling,Isole Cocos e Keeling,ココス諸島,코코스 제도,Cocoseilanden,Ilhas Cocos (Keeling),科科斯
CH,CHE,756,Switzerland,switzerland|swiss confederation|suisse|confederation suisse|schweiz|schweizerische eidgenossenschaft|suiza|confederacion suiza|svizzera|confederazione svizzera|suica|confederacao suica,47,8,,Schweiz,Suiza,Svizzera,スイス,스위스,Zwitserland,Suíça,瑞士
CL,CHL,152,Chile,chile|republic of chile|chili|republique du chili|republik chile|republica de chile|cile|repubblica del cile|republica do chile,-30,-71,,Chile,Chile,Cile,チリ,칠레,Chili,Chile,智利
CN,CHN,156,China,china|people s republic of china|chine|republique populaire de chine|volksrepublik china|republica popular de china|cina|repubblica popolare cinese|republica popular da china,35,105,,China,China,Cina,中国,중국,China,China,中国
CI,CIV,384,Ivory Coast,ivory coast|republic of cote d ivoire|cote d ivoire|republique de cote d ivoire|republik cote d ivoire|costa de marfil|republica de cote d ivoire|costa d avorio|repubblica della costa d avorio|costa do marfim|republica da cote d ivoire,8,-5,,Côte d'Ivoire,Costa de Marfil,Costa d'Avorio,コートジボワール,코트디부아르,Ivoorkust,Costa do Marfim,科特迪瓦
CM,CMR,120,Cameroon,cameroon|republic of cameroon|cameroun|republique du cameroun|kamerun|republik kamerun|camerun|republica de camerun|repubblica del camerun|camaroes|republica dos camaroes,6,12,,Kamerun,Camerún,Camerun,カメルーン,카메룬,Kameroen,Camarões,喀麦隆
CD,COD,180,DR Congo,dr congo|democratic republic of the congo|congo rep dem|republique democratique du congo|kongo dem rep|demokratische republik kongo|republica democratica del congo|repubblica democratica del congo|republica democratica do congo,0,25,,Kongo (Dem. Rep.),Congo (Rep. Dem.),Congo (Rep. Dem.),コンゴ民主共和国,콩고 민주 공화국,Congo (DRC),República Democrática do Congo,民主刚果
CG,COG,178,Republic of the Congo,republic of the congo|congo|republique du congo|kongo|republik kongo|republica del congo|repubblica del congo|republica do congo,-1,15,,Kongo,Congo,Congo,コンゴ共和国,콩고,Congo,Congo,刚果
CK,COK,184,Cook Islands,cook islands|iles cook|cookinseln|islas cook|isole cook|ilhas cook,-21.233,-159.767,NZ,Cookinseln,Islas Cook,Isole Cook,クック諸島,쿡 제도,Cookeilanden,Ilhas Cook,库克群岛
CO,COL,170,Colombia,colombia|republic of colombia|colombie|republique de colombie|kolumbien|republik kolumbien|republica de colombia|repubblica di colombia|republica da colombia,4,-72,,Kolumbien,Colombia,Colombia,コロンビア,콜롬비아,Colombia,Colômbia,哥伦比亚
KM,COM,174,Comoros,comoros|union of the comoros|comores|union des comores|komoren|union der komoren|comoras|union de las comoras|comore|unione delle comore|uniao das comores,-12.167,44.25,,Komoren,Comoras,Comore,コモロ,코모로,Comoren,Comores,科摩罗
CV,CPV,132,Cape Verde,cape verde|republic of cabo verde|iles du cap vert|republique du cap vert|kap verde|republik cabo verde|cabo verde|republica de cabo verde|capo verde|repubblica di capo verde,16,-24,,Kap Verde,Cabo Verde,Capo Verde,カーボベルデ,카보베르데,Kaapverdië,Cabo Verde,佛得角
CR,CRI,188,Costa Rica,costa rica|republic of costa rica|republique du costa rica|republik costa rica|republica de costa rica|repubblica di costa rica|republica da costa rica,10,-84,,Costa Rica,Costa Rica,Costa Rica,コスタリカ,코스타리카,Costa Rica,Costa Rica,哥斯达黎加
CU,CUB,192,Cuba,cuba|republic of cuba|republique de cuba|kuba|republik kuba|republica de cuba|repubblica di cuba,21.5,-80,,Kuba,Cuba,Cuba,キューバ,쿠바,Cuba,Cuba,古巴
CW,CUW,531,Curaçao,curacao|country of curacao|pays de curacao|land curacao|curazao|pais de curazao|paese di curacao|ilha da curacao|pais de curacao,12.117,-68.933,NL,Curaçao,Curazao,Curaçao,キュラソー,퀴라소,Curaçao,ilha da Curação,库拉索
CX,CXR,162,Christmas Island,christmas island|territory of christmas island|ile christmas|territoire de l ile christmas|weihnachtsinsel|gebiet der weihnachtsinsel|isla de navidad|territorio de la isla de navidad|isola di natale|territorio di christmas island|ilha do natal|territorio da ilha christmas,-10.5,105.667,AU,Weihnachtsinsel,Isla de Navidad,Isola di Natale,クリスマス島,크리스마스 섬,Christmaseiland,Ilha do Natal,圣诞岛
KY,CYM,136,Cayman Islands,cayman islands|iles caimans|kaimaninseln|cayman inseln|islas caiman|isole cayman|ilhas caimao|ilhas cayman,19.5,-80.5,GB,Kaimaninseln,Islas Caimán,Isole Cayman,ケイマン諸島,케이맨 제도,Caymaneilanden,Ilhas Caimão,开曼群岛
CY,CYP,196,Cyprus,cyprus|republic of cyprus|chypre|republique de chypre|zypern|republik zypern|chipre|republica de chipre|cipro|repubblica di cipro,35,33,,Zypern,Chipre,Cipro,キプロス,키프로스,Cyprus,Chipre,塞浦路斯
CZ,CZE,203,Czechia,czechia|czech republic|tchequie|republique tcheque|tschechien|tschechische republik|chequia|republica checa|cechia|repubblica ceca,49.75,15.5,,Tschechien,Chequia,Cechia,チェコ,체코,Tsjechië,Chéquia,捷克
DE,DEU,276,Germany,germany|federal republic of germany|allemagne|republique federale d allemagne|deutschland|bundesrepublik deutschland|alemania|republica federal de alemania|germania|repubblica federale di germania|alemanha|republica federal da alemanha,51,9,,Deutschland,Alemania,Germania,ドイツ,독일,Duitsland,Alemanha,德国
DJ,DJI,262,Djibouti,djibouti|republic of djibouti|republique de djibouti|dschibuti|republik dschibuti|republica de djibouti|gibuti|repubblica di gibuti|republica do djibouti,11.5,43,,Dschibuti,Djibouti,Gibuti,ジブチ,지부티,Djibouti,Djibouti,吉布提
DM,DMA,212,Dominica,dominica|commonwealth of dominica|dominique|commonwealth de la dominique|commonwealth von dominica|mancomunidad de dominica|commonwealth di dominica|comunidade da dominica,15.417,-61.333,,Dominica,Dominica,Dominica,ドミニカ国,도미니카 공화국,Dominica,Dominica,多米尼加
DK,DNK,208,Denmark,denmark|kingdom of denmark|danemark|royaume du danemark|konigreich danemark|dinamarca|reino de dinamarca|danimarca|regno di danimarca|reino da dinamarca,56,10,,Dänemark,Dinamarca,Danimarca,デンマーク,덴마크,Denemarken,Dinamarca,丹麦
DO,DOM,214,Dominican Republic,dominican republic|republique dominicaine|dominikanische republik|republica dominicana|repubblica dominicana,19,-70.667,,Dominikanische Republik,República Dominicana,Repubblica Dominicana,ドミニカ共和国,도미니카 공화국,Dominicaanse Republiek,República Dominicana,多明尼加
DZ,DZA,012,Algeria,algeria|people s democratic republic of algeria|algerie|republique democratique et populaire d algerie|algerien|demokratische volksrepublik algerien|argelia|republica argelina democratica y popular|repubblica popolare democratica di algeria|republica argelina democratica e popular,28,3,,Algerien,Argelia,Algeria,アルジェリア,알제리,Algerije,Argélia,阿尔及利亚
EC,ECU,218,Ecuador,ecuador|republic of ecuador|equateur|republique de l equateur|republik ecuador|republica del ecuador|repubblica dell ecuador|equador|republica do equador,-2,-77.5,,Ecuador,Ecuador,Ecuador,エクアドル,에콰도르,Ecuador,Equador,厄瓜多尔
EG,EGY,818,Egypt,egypt|arab republic of egypt|egypte|republique arabe d egypte|agypten|arabische republik agypten|egipto|republica arabe de egipto|egitto|repubblica araba d egitto|egito|republica arabe do egipto,27,30,,Ägypten,Egipto,Egitto,エジプト,이집트,Egypte,Egito,埃及
ER,ERI,232,Eritrea,eritrea|state of eritrea|erythree|etat d erythree|staat eritrea|estado de eritrea|stato di eritrea|eritreia|estado da eritreia,15,39,,Eritrea,Eritrea,Eritrea,エリトリア,에리트레아,Eritrea,Eritreia,厄立特里亚
EH,ESH,732,Western Sahara,western sahara|sahrawi arab democratic republic|sahara occidental|republique arabe sahraouie democratique|westsahara|demokratische arabische republik sahara|republica arabe saharaui democratica|sahara occidentale|repubblica araba saharawi democratica|saara ocidental,24.5,-13,,Westsahara,Sahara Occidental,Sahara Occidentale,西サハラ,서사하라,Westelijke Sahara,Saara Ocidental,西撒哈拉
ES,ESP,724,Spain,spain|kingdom of spain|espagne|royaume d espagne|spanien|konigreich spanien|espana|reino de espana|spagna|regno di spagna|espanha|reino de espanha,40,-4,,Spanien,España,Spagna,スペイン,스페인,Spanje,Espanha,西班牙
EE,EST,233,Estonia,estonia|republic of estonia|estonie|republique d estonie|estland|republik estland|republica de estonia|repubblica di estonia|republica da estonia,59,26,,Estland,Estonia,Estonia,エストニア,에스토니아,Estland,Estónia,爱沙尼亚
ET,ETH,231,Ethiopia,ethiopia|federal democratic republic of ethiopia|ethiopie|republique federale democratique d ethiopie|athiopien|demokratische bundesrepublik athiopien|etiopia|republica democratica federal de etiopia|repubblica federale democratica di etiopia|republica federal democratica da etiopia,8,38,,Äthiopien,Etiopía,Etiopia,エチオピア,에티오피아,Ethiopië,Etiópia,埃塞俄比亚
FI,FIN,246,Finland,finland|republic of finland|finlande|republique de finlande|finnland|republik finnland|finlandia|republica de finlandia|repubblica di finlandia|republica da finlandia,64,26,,Finnland,Finlandia,Finlandia,フィンランド,핀란드,Finland,Finlândia,芬兰
FJ,FJI,242,Fiji,fiji|republic of fiji|fidji|republique des fidji|fidschi|republik fidschi|fiyi|republica de fiji|figi|repubblica di figi,-18,175,,Fidschi,Fiyi,Figi,フィジー,피지,Fiji,Fiji,斐济
FK,FLK,238,Falkland Islands,falkland islands|iles malouines|falklandinseln|islas malvinas|isole falkland o isole malvine|isole falkland|ilhas malvinas,-51.75,-59,GB,Falklandinseln,Islas Malvinas,Isole Falkland o Isole Malvine,フォークランド諸島,포클랜드 제도,Falklandeilanden,Ilhas Malvinas,福克兰群岛
FR,FRA,250,France,france|french republic|republique francaise|frankreich|franzosische republik|francia|republica frances|repubblica francese|franca|republica francesa,46,2,,Frankreich,Francia,Francia,フランス,프랑스,Frankrijk,França,法国
FO,FRO,234,Faroe Islands,faroe islands|iles feroe|faroer inseln|faroer|islas faroe|islas feroe|isole far oer|isole faroe|ilhas faroe,62,-7,DK,Färöer-Inseln,Islas Faroe,Isole Far Oer,フェロー諸島,페로 제도,Faeröer,Ilhas Faroé,法罗群岛
FM,FSM,583,Micronesia,micronesia|federated states of micronesia|micronesie|etats federes de micronesie|mikronesien|foderierte staaten von mikronesien|estados federados de micronesia|stati federati di micronesia|estados federados da micronesia,6.917,158.25,,Mikronesien,Micronesia,Micronesia,ミクロネシア,미크로네시아,Micronesië,Micronésia,密克罗尼西亚
GA,GAB,266,Gabon,gabon|gabonese republic|republique gabonaise|gabun|gabunische republik|republica de gabon|repubblica gabonese|gabao|republica do gabao,-1,11.75,,Gabun,Gabón,Gabon,ガボン,가봉,Gabon,Gabão,加蓬
GB,GBR,826,United Kingdom,united kingdom|united kingdom of great britain and northern ireland|royaume uni|royaume uni de grande bretagne et d irlande du nord|vereinigtes konigreich|vereinigtes konigreich grossbritannien und nordirland|reino unido|reino unido de gran bretana e irlanda del norte|regno unito|regno unito di gran bretagna e irlanda del nord|reino unido da gra bretanha e irlanda do norte,54,-2,,Vereinigtes Königreich,Reino Unido,Regno Unito,イギリス,영국,Verenigd Koninkrijk,Reino Unido,英国
GE,GEO,268,Georgia,georgia|georgie|republique de georgie|georgien,42,43.5,,Georgien,Georgia,Georgia,ジョージア,조지아,Georgië,Geórgia,格鲁吉亚
GG,GGY,831,Guernsey,guernsey|bailiwick of guernsey|guernesey|bailliage de guernesey|vogtei guernsey|bailia de guernsey|baliato di guernsey|bailiado de guernsey,49.467,-2.583,GB,Guernsey,Guernsey,Guernsey,ガーンジー,건지 섬,Guernsey,Guernsey,根西岛
GH,GHA,288,Ghana,ghana|republic of ghana|republique du ghana|republik ghana|republica de ghana|repubblica del ghana|gana|republica do gana,8,-2,,Ghana,Ghana,Ghana,ガーナ,가나,Ghana,Gana,加纳
GI,GIB,292,Gibraltar,gibraltar|gibilterra,36.133,-5.35,GB,Gibraltar,Gibraltar,Gibilterra,ジブラルタル,지브롤터,Gibraltar,Gibraltar,直布罗陀
GN,GIN,324,Guinea,guinea|republic of guinea|guinee|republique de guinee|republik guinea|republica de guinea|repubblica di guinea|guine|republica da guine,11,-10,,Guinea,Guinea,Guinea,ギニア,기니,Guinee,Guiné,几内亚
GP,GLP,312,Guadeloupe,guadeloupe|guadalupe|guadeloupa,16.25,-61.583,FR,Guadeloupe,Guadalupe,Guadeloupa,グアドループ,과들루프,Guadeloupe,Guadalupe,瓜德罗普岛
GM,GMB,270,Gambia,gambia|republic of the gambia|gambie|republique de gambie|republik gambia|republica de gambia|repubblica del gambia|republica da gambia,13.467,-16.567,,Gambia,Gambia,Gambia,ガンビア,감비아,Gambia,Gâmbia,冈比亚
GW,GNB,624,Guinea-Bissau,guinea bissau|republic of guinea bissau|guinee bissau|republique de guinee bissau|republik guinea bissau|guinea bisau|republica de guinea bissau|repubblica di guinea bissau|guine bissau|republica da guine bissau,12,-15,,Guinea-Bissau,Guinea-Bisáu,Guinea-Bissau,ギニアビサウ,기니비사우,Guinee-Bissau,Guiné-Bissau,几内亚比绍
GQ,GNQ,226,Equatorial Guinea,equatorial guinea|republic of equatorial guinea|guinee equatoriale|republique de guinee equatoriale|aquatorialguinea|republik aquatorialguinea|guinea ecuatorial|republica de guinea ecuatorial|guinea equatoriale|repubblica della guinea equatoriale|guine equatorial|republica da guine equatorial,2,10,,Äquatorialguinea,Guinea Ecuatorial,Guinea Equatoriale,赤道ギニア,적도 기니,Equatoriaal-Guinea,Guiné Equatorial,赤道几内亚
GR,GRC,300,Greece,greece|hellenic republic|grece|republique hellenique|griechenland|hellenische republik|grecia|republica helenica|repubblica ellenica,39,22,,Griechenland,Grecia,Grecia,ギリシャ,그리스,Griekenland,Grécia,希腊
GD,GRD,308,Grenada,grenada|grenade|granada,12.117,-61.667,,Grenada,Grenada,Grenada,グレナダ,그레나다,Grenada,Granada,格林纳达
GL,GRL,304,Greenland,greenland|groenland|gronland|groenlandia|gronelandia,72,-40,DK,Grönland,Groenlandia,Groenlandia,グリーンランド,그린란드,Groenland,Gronelândia,格陵兰
GT,GTM,320,Guatemala,guatemala|republic of guatemala|republique du guatemala|republik guatemala|republica de guatemala|repubblica del guatemala|republica da guatemala,15.5,-90.25,,Guatemala,Guatemala,Guatemala,グアテマラ,과테말라,Guatemala,Guatemala,危地马拉
GF,GUF,254,French Guiana,french guiana|guiana|guyane|franzosisch guayana|guayana francesa|guayana|guyana francese|guiana francesa,4,-53,FR,Französisch-Guayana,Guayana Francesa,Guyana francese,フランス領ギアナ,프랑스령 기아나,Frans-Guyana,Guiana Francesa,法属圭亚那
GU,GUM,316,Guam,guam,13.467,144.783,US,Guam,Guam,Guam,グアム,괌,Guam,Guam,关岛
GY,GUY,328,Guyana,guyana|co operative republic of guyana|republique cooperative de guyana|kooperative republik guyana|republica cooperativa de guyana|guiana|co operative republica da guiana,5,-59,,Guyana,Guyana,Guyana,ガイアナ,가이아나,Guyana,Guiana,圭亚那
HK,HKG,344,Hong Kong,hong kong|hong kong special administrative region of the people s republic of china|region administrative speciale de hong kong de la republique populaire de chine|hongkong|sonderverwaltungszone hongkong der volksrepublik china|hong kong region administrativa especial de la republica popular china|hong kong regione amministrativa speciale della repubblica popolare cinese|hong kong regiao administrativa especial da republica popular da china,22.267,114.188,CN,Hongkong,Hong Kong,Hong Kong,香港,홍콩,Hongkong,Hong Kong,香港
HM,HMD,334,Heard Island and McDonald Islands,heard island and mcdonald islands|iles heard et macdonald|heard und die mcdonaldinseln|heard und mcdonaldinseln|islas heard y mcdonald|isole heard e mcdonald|ilha heard e ilhas mcdonald,-53.1,72.517,AU,Heard und die McDonaldinseln,Islas Heard y McDonald,Isole Heard e McDonald,ハード島とマクドナルド諸島,허드 맥도널드 제도,Heard-en McDonaldeilanden,Ilha Heard e Ilhas McDonald,赫德岛和麦当劳群岛
HN,HND,340,Honduras,honduras|republic of honduras|republique du honduras|republik honduras|republica de honduras|repubblica di honduras,15,-86.5,,Honduras,Honduras,Honduras,ホンジュラス,온두라스,Honduras,Honduras,洪都拉斯
HR,HRV,191,Croatia,croatia|republic of croatia|croatie|republique de croatie|kroatien|republik kroatien|croacia|republica de croacia|croazia|repubblica di croazia|republica da croacia,45.167,15.5,,Kroatien,Croacia,Croazia,クロアチア,크로아티아,Kroatië,Croácia,克罗地亚
HT,HTI,332,Haiti,haiti|republic of haiti|republique d haiti|republik haiti|republica de haiti|repubblica di haiti|republica do haiti,19,-72.417,,Haiti,Haití,Haiti,ハイチ,아이티,Haïti,Haiti,海地
HU,HUN,348,Hungary,hungary|hongrie|ungarn|hungria|ungheria,47,20,,Ungarn,Hungría,Ungheria,ハンガリー,헝가리,Hongarije,Hungria,匈牙利
ID,IDN,360,Indonesia,indonesia|republic of indonesia|indonesie|republique d indonesie|indonesien|republik indonesien|republica de indonesia|repubblica di indonesia|republica da indonesia,-5,120,,Indonesien,Indonesia,Indonesia,インドネシア,인도네시아,Indonesië,Indonésia,印度尼西亚
IM,IMN,833,Isle of Man,isle of man|ile de man|insel man|isla de man|isola di man|ilha de man,54.25,-4.5,GB,Insel Man,Isla de Man,Isola di Man,マン島,맨섬,Isle of Man,Ilha de Man,马恩岛
IN,IND,356,India,india|republic of india|inde|republique de l inde|indien|republik indien|republica de la india|repubblica dell india|republica da india,20,77,,Indien,India,India,インド,인도,India,Índia,印度
IO,IOT,086,British Indian Ocean Territory,british indian ocean territory|territoire britannique de l ocean indien|britisches territorium im indischen ozean|territorio britanico del oceano indico|territorio britannico dell oceano indiano|territorio britanico do oceano indico,-6,71.5,GB,Britisches Territorium im Indischen Ozean,Territorio Británico del Océano Índico,Territorio britannico dell'oceano indiano,イギリス領インド洋地域,인도,Britse Gebieden in de Indische Oceaan,Território Britânico do Oceano Índico,英属印度洋领地
IE,IRL,372,Ireland,ireland|republic of ireland|irlande|republique d irlande|irland|republik irland|irlanda|republica de irlanda|repubblica d irlanda|republica da irlanda,53,-8,,Irland,Irlanda,Irlanda,アイルランド,아일랜드,Ierland,Irlanda,爱尔兰
IR,IRN,364,Iran,iran|islamic republic of iran|republique islamique d iran|islamische republik iran|republica islamica de iran|repubblica islamica dell iran|irao|republica islamica do ira,32,53,,Iran,Iran,Iran,イラン,이란,Iran,Irão,伊朗
IQ,IRQ,368,Iraq,iraq|republic of iraq|irak|republique d irak|republik irak|republica de irak|repubblica dell iraq|iraque|republica do iraque,33,44,,Irak,Irak,Iraq,イラク,이라크,Irak,Iraque,伊拉克
IS,ISL,352,Iceland,iceland|islande|republique d islande|island|islandia|islanda,65,-18,,Island,Islandia,Islanda,アイスランド,아이슬란드,IJsland,Islândia,冰岛
IL,ISR,376,Israel,israel|state of israel|etat d israel|staat israel|estado de israel|israele|stato di israele,31.47,35.13,,Israel,Israel,Israele,イスラエル,이스라엘,Israël,Israel,以色列
IT,ITA,380,Italy,italy|italian republic|italie|republique italienne|italien|italienische republik|italia|republica italiana|repubblica italiana,42.833,12.833,,Italien,Italia,Italia,イタリア,이탈리아,Italië,Itália,意大利
JM,JAM,388,Jamaica,jamaica|jamaique|jamaika|giamaica,18.25,-77.5,,Jamaika,Jamaica,Giamaica,ジャマイカ,자메이카,Jamaica,Jamaica,牙买加
JE,JEY,832,Jersey,jersey|bailiwick of jersey|bailliage de jersey|vogtei jersey|bailia de jersey|isola di jersey|baliato di jersey|bailiado de jersey,49.25,-2.167,GB,Jersey,Jersey,Isola di Jersey,ジャージー,저지 섬,Jersey,Jersey,泽西岛
JO,JOR,400,Jordan,jordan|hashemite kingdom of jordan|jordanie|royaume hachemite de jordanie|jordanien|haschemitisches konigreich jordanien|jordania|reino hachemita de jordania|giordania|regno hascemita di giordania|reino hachemita da jordania,31,36,,Jordanien,Jordania,Giordania,ヨルダン,요르단,Jordanië,Jordânia,约旦
JP,JPN,392,Japan,japan|japon|giappone|japao,36,138,,Japan,Japón,Giappone,日本,일본,Japan,Japão,日本
KZ,KAZ,398,Kazakhstan,kazakhstan|republic of kazakhstan|republique du kazakhstan|kasachstan|republik kasachstan|kazajistan|republica de kazajstan|kazakistan|repubblica del kazakhstan|cazaquistao|republica do cazaquistao,48,68,,Kasachstan,Kazajistán,Kazakistan,カザフスタン,카자흐스탄,Kazachstan,Cazaquistão,哈萨克斯坦
KE,KEN,404,Kenya,kenya|republic of kenya|republique du kenya|kenia|republik kenia|republica de kenya|repubblica del kenya|quenia|republica do quenia,1,38,,Kenia,Kenia,Kenya,ケニア,케냐,Kenia,Quénia,肯尼亚
KG,KGZ,417,Kyrgyzstan,kyrgyzstan|kyrgyz republic|kirghizistan|republique kirghize|kirgisistan|kirgisische republik|kirguizistan|republica kirguisa|quirguistao|republica do quirguistao,41,75,,Kirgisistan,Kirguizistán,Kirghizistan,キルギス,키르기스스탄,Kirgizië,Quirguistão,吉尔吉斯斯坦
KH,KHM,116,Cambodia,cambodia|kingdom of cambodia|cambodge|royaume du cambodge|kambodscha|konigreich kambodscha|camboya|reino de camboya|cambogia|regno di cambogia|camboja|reino do camboja,13,105,,Kambodscha,Camboya,Cambogia,カンボジア,캄보디아,Cambodja,Camboja,柬埔寨
KI,KIR,296,Kiribati,kiribati|independent and sovereign republic of kiribati|republique de kiribati|republik kiribati|republica independiente y soberano de kiribati|repubblica indipendente e sovrano di kiribati|independente e soberano republica de kiribati,1.417,173,,Kiribati,Kiribati,Kiribati,キリバス,키리바시,Kiribati,Kiribati,基里巴斯
KN,KNA,659,Saint Kitts and Nevis,saint kitts and nevis|federation of saint christopher and nevis|saint christophe et nieves|federation de saint christophe et nieves|st kitts und nevis|foderation von st kitts und nevis|san cristobal y nieves|federacion de san cristobal y nevis|saint kitts e nevis|federazione di saint christopher e nevis|sao cristovao e nevis|federacao de sao cristovao e nevis,17.333,-62.75,,St. Kitts und Nevis,San Cristóbal y Nieves,Saint Kitts e Nevis,セントキッツ・ネーヴィス連邦,세인트키츠 네비스,Saint Kitts en Nevis,São Cristóvão e Nevis,圣基茨和尼维斯
KR,KOR,410,South Korea,south korea|republic of korea|coree du sud|republique de coree|sudkorea|republik korea|corea del sur|republica de corea|corea del sud|repubblica di corea|coreia do sul|republica da coreia,37,127.5,,Südkorea,Corea del Sur,Corea del Sud,韓国,한국,Zuid-Korea,Coreia do Sul,韩国
XK,UNK,,Kosovo,kosovo|republic of kosovo|republique du kosovo|republik kosovo|republica de kosovo|repubblica del kosovo|republica do kosovo,42.667,21.167,,Kosovo,Kosovo,Kosovo,コソボ,코소보,Kosovo,Kosovo,科索沃
KW,KWT,414,Kuwait,kuwait|state of kuwait|koweit|etat du koweit|staat kuwait|estado de kuwait|stato del kuwait|estado do kuwait,29.5,45.75,,Kuwait,Kuwait,Kuwait,クウェート,쿠웨이트,Koeweit,Kuwait,科威特
LA,LAO,418,Laos,laos|lao people s democratic republic|republique democratique populaire lao|demokratische volksrepublik laos|republica democratica popular lao|repubblica democratica popolare del laos|laos republica democratica,18,105,,Laos,Laos,Laos,ラオス,라오스,Laos,Laos,老挝
LB,LBN,422,Lebanon,lebanon|lebanese republic|liban|republique libanaise|libanon|libanesische republik|libano|republica libanesa|repubblica libanese,33.833,35.833,,Libanon,Líbano,Libano,レバノン,레바논,Libanon,Líbano,黎巴嫩
LR,LBR,430,Liberia,liberia|republic of liberia|republique du liberia|republik liberia|republica de liberia|repubblica di liberia|republica da liberia,6.5,-9.5,,Liberia,Liberia,Liberia,リベリア,라이베리아,Liberia,Libéria,利比里亚
LY,LBY,434,Libya,libya|state of libya|libye|grande republique arabe libyenne populaire et socialiste|libyen|staat libyen|libia|estado de libia|stato della libia|estado da libia,25,17,,Libyen,Libia,Libia,リビア,리비아,Libië,Líbia,利比亚
LC,LCA,662,Saint Lucia,saint lucia|sainte lucie|st lucia|santa lucia,13.883,-60.967,,St. Lucia,Santa Lucía,Santa Lucia,セントルシア,세인트루시아,Saint Lucia,Santa Lúcia,圣卢西亚
LI,LIE,438,Liechtenstein,liechtenstein|principality of liechtenstein|principaute du liechtenstein|furstentum liechtenstein|principado de liechtenstein|principato del liechtenstein,47.267,9.533,,Liechtenstein,Liechtenstein,Liechtenstein,リヒテンシュタイン,리히텐슈타인,Liechtenstein,Liechtenstein,列支敦士登
LK,LKA,144,Sri Lanka,sri lanka|democratic socialist republic of sri lanka|republique democratique socialiste du sri lanka|demokratische sozialistische republik sri lanka|republica democratica socialista de sri lanka|repubblica democratica socialista dello sri lanka|republica democratica socialista do sri lanka,7,81,,Sri Lanka,Sri Lanka,Sri Lanka,スリランカ,스리랑카,Sri Lanka,Sri Lanka,斯里兰卡
LS,LSO,426,Lesotho,lesotho|kingdom of lesotho|royaume du lesotho|konigreich lesotho|reino de lesotho|regno del lesotho|lesoto|reino do lesoto,-29.5,28.5,,Lesotho,Lesotho,Lesotho,レソト,레소토,Lesotho,Lesoto,莱索托
LT,LTU,440,Lithuania,lithuania|republic of lithuania|lituanie|republique de lituanie|litauen|republik litauen|lituania|republica de lituania|repubblica di lituania|republica da lituania,56,24,,Litauen,Lituania,Lituania,リトアニア,리투아니아,Litouwen,Lituânia,立陶宛
LU,LUX,442,Luxembourg,luxembourg|grand duchy of luxembourg|grand duche de luxembourg|luxemburg|grossherzogtum luxemburg|luxemburgo|gran ducado de luxemburgo|lussemburgo|granducato di lussemburgo|grao ducado do luxemburgo,49.75,6.167,,Luxemburg,Luxemburgo,Lussemburgo,ルクセンブルク,룩셈부르크,Luxemburg,Luxemburgo,卢森堡
LV,LVA,428,Latvia,latvia|republic of latvia|lettonie|republique de lettonie|lettland|republik lettland|letonia|republica de letonia|lettonia|repubblica di lettonia|republica da letonia,57,25,,Lettland,Letonia,Lettonia,ラトビア,라트비아,Letland,Letónia,拉脱维亚
MO,MAC,446,Macau,macau|macao special administrative region of the people s republic of china|macao|region administrative speciale de macao de la republique populaire de chine|sonderverwaltungsregion macau der volksrepublik china|macao region administrativa especial de la republica popular china|macao regione amministrativa speciale della repubblica popolare cinese|macau regiao administrativa especial da republica popular da china,22.167,113.55,CN,Macao,Macao,Macao,マカオ,마카오,Macao,Macau,澳门
MF,MAF,663,Saint Martin,saint martin|sao martinho,18.083,-63.95,FR,Saint-Martin,Saint Martin,Saint Martin,サン・マルタン,생마르탱,Saint-Martin,São Martinho,圣马丁
MA,MAR,504,Morocco,morocco|kingdom of morocco|maroc|royaume du maroc|marokko|konigreich marokko|marruecos|reino de marruecos|marocco|regno del marocco|marrocos|reino de marrocos,32,-5,,Marokko,Marruecos,Marocco,モロッコ,모로코,Marokko,Marrocos,摩洛哥
MC,MCO,492,Monaco,monaco|principality of monaco|principaute de monaco|furstentum monaco|principado de monaco|principato di monaco|principado do monaco,43.733,7.4,,Monaco,Mónaco,Principato di Monaco,モナコ,모나코,Monaco,Mónaco,摩纳哥
MD,MDA,498,Moldova,moldova|republic of moldova|moldavie|republique de moldavie|moldawien|republik moldau|moldavia|republica de moldova|repubblica di moldova|republica da moldavia,47,29,,Moldawien,Moldavia,Moldavia,モルドバ,몰도바,Moldavië,Moldávia,摩尔多瓦
MG,MDG,450,Madagascar,madagascar|republic of madagascar|republique de madagascar|madagaskar|republik madagaskar|republica de madagascar|repubblica del madagascar,-20,47,,Madagaskar,Madagascar,Madagascar,マダガスカル,마다가스카르,Madagaskar,Madagáscar,马达加斯加
MV,MDV,462,Maldives,maldives|republic of the maldives|republique des maldives|malediven|republik malediven|maldivas|republica de las maldivas|maldive|repubblica delle maldive|republica das maldivas,3.25,73,,Malediven,Maldivas,Maldive,モルディブ,몰디브,Maldiven,Maldivas,马尔代夫
MX,MEX,484,Mexico,mexico|united mexican states|mexique|etats unis du mexique|mexiko|vereinigte mexikanische staaten|estados unidos mexicanos|messico|stati uniti del messico,23,-102,,Mexiko,México,Messico,メキシコ,멕시코,Mexico,México,墨西哥
MH,MHL,584,Marshall Islands,marshall islands|republic of the marshall islands|iles marshall|republique des iles marshall|marshallinseln|republik marshallinseln|islas marshall|republica de las islas marshall|isole marshall|repubblica delle isole marshall|ilhas marshall|republica das ilhas marshall,9,168,,Marshallinseln,Islas Marshall,Isole Marshall,マーシャル諸島,마셜 제도,Marshalleilanden,Ilhas Marshall,马绍尔群岛
MK,MKD,807,North Macedonia,north macedonia|republic of north macedonia|macedoine du nord|republique de macedoine du nord|nordmazedonien|republik nordmazedonien|macedonia del norte|republica de macedonia del norte|macedonia del nord|repubblica di macedonia del nord|macedonia do norte|republica da macedonia do norte,41.833,22,,Nordmazedonien,Macedonia del Norte,Macedonia del Nord,北マケドニア,북마케도니아,Noord-Macedonië,Macedónia do Norte,北馬其頓
ML,MLI,466,Mali,mali|republic of mali|republique du mali|republik mali|republica de mali|repubblica del mali|republica do mali,17,-4,,Mali,Mali,Mali,マリ,말리,Mali,Mali,马里
MT,MLT,470,Malta,malta|republic of malta|malte|republique de malte|republik malta|republica de malta|repubblica di malta,35.833,14.583,,Malta,Malta,Malta,マルタ,몰타,Malta,Malta,马耳他
MM,MMR,104,Myanmar,myanmar|republic of the union of myanmar|birmanie|republique de l union du myanmar|republik der union myanmar|republica de la union de myanmar|birmania|repubblica dell unione di myanmar|republica da uniao de myanmar,22,98,,Myanmar,Myanmar,Birmania,ミャンマー,미얀마,Myanmar,Myanmar,缅甸
ME,MNE,499,Montenegro,montenegro,42.5,19.3,,Montenegro,Montenegro,Montenegro,モンテネグロ,몬테네그로,Montenegro,Montenegro,黑山
MN,MNG,496,Mongolia,mongolia|mongolie|mongolei,46,105,,Mongolei,Mongolia,Mongolia,モンゴル,몽골국,Mongolië,Mongólia,蒙古
MP,MNP,580,Northern Mariana Islands,northern mariana islands|commonwealth of the northern mariana islands|iles mariannes du nord|commonwealth des iles mariannes du nord|nordliche marianen|commonwealth der nordlichen marianen|islas marianas del norte|mancomunidad de las islas marianas del norte|isole marianne settentrionali|commonwealth delle isole marianne settentrionali|marianas setentrionais|comunidade das ilhas marianas do norte,15.2,145.75,US,Nördliche Marianen,Islas Marianas del Norte,Isole Marianne Settentrionali,北マリアナ諸島,북마리아나 제도,Noordelijke Marianeneilanden,Marianas Setentrionais,北马里亚纳群岛
MZ,MOZ,508,Mozambique,mozambique|republic of mozambique|republique du mozambique|mosambik|republik mosambik|republica de mozambique|mozambico|repubblica del mozambico|mocambique|republica de mocambique,-18.25,35,,Mosambik,Mozambique,Mozambico,モザンビーク,모잠비크,Mozambique,Moçambique,莫桑比克
MR,MRT,478,Mauritania,mauritania|islamic republic of mauritania|mauritanie|republique islamique de mauritanie|mauretanien|islamische republik mauretanien|republica islamica de mauritania|repubblica islamica di mauritania|republica islamica da mauritania,20,-12,,Mauretanien,Mauritania,Mauritania,モーリタニア,모리타니,Mauritanië,Mauritânia,毛里塔尼亚
MS,MSR,500,Montserrat,montserrat,16.75,-62.2,GB,Montserrat,Montserrat,Montserrat,モントセラト,몬트세랫,Montserrat,Montserrat,蒙特塞拉特
MQ,MTQ,474,Martinique,martinique|martinica,14.667,-61,FR,Martinique,Martinica,Martinica,マルティニーク,마르티니크,Martinique,Martinica,马提尼克
MU,MUS,480,Mauritius,mauritius|republic of mauritius|ile maurice|republique de maurice|republik mauritius|mauricio|republica de mauricio|repubblica di mauritius|republica das mauricias,-20.283,57.55,,Mauritius,Mauricio,Mauritius,モーリシャス,모리셔스,Mauritius,Maurício,毛里求斯
MW,MWI,454,Malawi,malawi|republic of malawi|republique du malawi|republik malawi|republica de malawi|repubblica del malawi|republica do malawi,-13.5,34,,Malawi,Malawi,Malawi,マラウイ,말라위,Malawi,Malawi,马拉维
MY,MYS,458,Malaysia,malaysia|malaisie|federation de malaisie|malasia|malesia,2.5,112.5,,Malaysia,Malasia,Malesia,マレーシア,말레이시아,Maleisië,Malásia,马来西亚
YT,MYT,175,Mayotte,mayotte|department of mayotte|departement de mayotte|ubersee departement mayotte|departamento de mayotte|dipartimento di mayotte,-12.833,45.167,FR,Mayotte,Mayotte,Mayotte,マヨット,마요트,Mayotte,Mayotte,马约特
NA,NAM,516,Namibia,namibia|republic of namibia|namibie|republique de namibie|republik namibia|republica de namibia|repubblica di namibia|republica da namibia,-22,17,,Namibia,Namibia,Namibia,ナミビア,나미비아,Namibië,Namíbia,纳米比亚
NC,NCL,540,New Caledonia,new caledonia|nouvelle caledonie|neukaledonien|nueva caledonia|nuova caledonia|nova caledonia,-21.5,165.5,FR,Neukaledonien,Nueva Caledonia,Nuova Caledonia,ニューカレドニア,누벨칼레도니,Nieuw-Caledonië,Nova Caledónia,新喀里多尼亚
NE,NER,562,Niger,niger|republic of niger|republique du niger|republik niger|republica de niger|repubblica del niger|republica do niger,16,8,,Niger,Níger,Niger,ニジェール,니제르,Niger,Níger,尼日尔
NF,NFK,574,Norfolk Island,norfolk island|territory of norfolk island|ile norfolk|territoire de l ile norfolk|norfolkinsel|gebiet der norfolkinsel|isla de norfolk|territorio de la isla norfolk|isola norfolk|territorio di norfolk island|ilha norfolk|territorio da ilha norfolk,-29.033,167.95,AU,Norfolkinsel,Isla de Norfolk,Isola Norfolk,ノーフォーク島,노퍽 섬,Norfolkeiland,Ilha Norfolk,诺福克岛
NG,NGA,566,Nigeria,nigeria|federal republic of nigeria|republique federale du nigeria|bundesrepublik nigeria|republica federal de nigeria|repubblica federale di nigeria|republica federal da nigeria,10,8,,Nigeria,Nigeria,Nigeria,ナイジェリア,나이지리아,Nigeria,Nigéria,尼日利亚
NI,NIC,558,Nicaragua,nicaragua|republic of nicaragua|republique du nicaragua|republik nicaragua|republica de nicaragua|repubblica del nicaragua|republica da nicaragua,13,-85,,Nicaragua,Nicaragua,Nicaragua,ニカラグア,니카라과,Nicaragua,Nicarágua,尼加拉瓜
NU,NIU,570,Niue,niue,-19.033,-169.867,NZ,Niue,Niue,Niue,ニウエ,니우에,Niue,Niue,纽埃
NL,NLD,528,Netherlands,netherlands|kingdom of the netherlands|pays bas|niederlande|paises bajos|paesi bassi|holanda,52.5,5.75,,Niederlande,Países Bajos,Paesi Bassi,オランダ,네덜란드,Nederland,Holanda,荷兰
NO,NOR,578,Norway,norway|kingdom of norway|norvege|royaume de norvege|norwegen|konigreich norwegen|noruega|reino de noruega|norvegia|regno di norvegia|reino da noruega,62,10,,Norwegen,Noruega,Norvegia,ノルウェー,노르웨이,Noorwegen,Noruega,挪威
NP,NPL,524,Nepal,nepal|federal democratic republic of nepal|republique du nepal|demokratische bundesrepublik nepal|republica democratica federal de nepal|repubblica federale democratica del nepal|republica democratica federal do nepal,28,84,,Nepal,Nepal,Nepal,ネパール,네팔,Nepal,Nepal,尼泊尔
NR,NRU,520,Nauru,nauru|republic of nauru|republique de nauru|republik nauru|republica de nauru|repubblica di nauru,-0.533,166.917,,Nauru,Nauru,Nauru,ナウル,나우루,Nauru,Nauru,瑙鲁
NZ,NZL,554,New Zealand,new zealand|nouvelle zelande|neuseeland|nueva zelanda|nuova zelanda|nova zelandia,-41,174,,Neuseeland,Nueva Zelanda,Nuova Zelanda,ニュージーランド,뉴질랜드,Nieuw-Zeeland,Nova Zelândia,新西兰
OM,OMN,512,Oman,oman|sultanate of oman|sultanat d oman|sultanat oman|sultanato de oman|sultanato dell oman|oma|sultanato de oma,21,57,,Oman,Omán,oman,オマーン,오만,Oman,Omã,阿曼
PK,PAK,586,Pakistan,pakistan|islamic republic of pakistan|republique islamique du pakistan|islamische republik pakistan|republica islamica de pakistan|repubblica islamica del pakistan|paquistao|republica islamica do paquistao,30,70,,Pakistan,Pakistán,Pakistan,パキスタン,파키스탄,Pakistan,Paquistão,巴基斯坦
PA,PAN,591,Panama,panama|republic of panama|republique du panama|republik panama|republica de panama|repubblica di panama|republica do panama,9,-80,,Panama,Panamá,Panama,パナマ,파나마,Panama,Panamá,巴拿马
PN,PCN,612,Pitcairn Islands,pitcairn islands|pitcairn group of islands|iles pitcairn|groupe d iles pitcairn|pitcairninseln|islas pitcairn|grupo de islas pitcairn|isole pitcairn|pitcairn gruppo di isole|ilhas pitcairn|pitcairn grupo de ilhas,-25.067,-130.1,GB,Pitcairninseln,Islas Pitcairn,Isole Pitcairn,ピトケアン諸島,핏케언 제도,Pitcairneilanden,Ilhas Pitcairn,皮特凯恩群岛
PE,PER,604,Peru,peru|republic of peru|perou|republique du perou|republik peru|republica de peru|repubblica del peru|republica do peru,-10,-76,,Peru,Perú,Perù,ペルー,페루,Peru,Perú,秘鲁
PH,PHL,608,Philippines,philippines|republic of the philippines|republique des philippines|philippinen|republik der philippinen|filipinas|republica de las filipinas|filippine|repubblica delle filippine|republica das filipinas,13,122,,Philippinen,Filipinas,Filippine,フィリピン,필리핀,Filipijnen,Filipinas,菲律宾
PW,PLW,585,Palau,palau|republic of palau|palaos palau|republique des palaos palau|republik palau|republica de palau|repubblica di palau,7.5,134.5,,Palau,Palau,Palau,パラオ,팔라우,Palau,Palau,帕劳
PG,PNG,598,Papua New Guinea,papua new guinea|independent state of papua new guinea|papouasie nouvelle guinee|etat independant de papouasie nouvelle guinee|papua neuguinea|unabhangiger staat papua neuguinea|papua nueva guinea|estado independiente de papua nueva guinea|papua nuova guinea|stato indipendente di papua nuova guinea|papua nova guine|estado independente da papua nova guine,-6,147,,Papua-Neuguinea,Papúa Nueva Guinea,Papua Nuova Guinea,パプアニューギニア,파푸아뉴기니,Papoea-Nieuw-Guinea,Papua Nova Guiné,巴布亚新几内亚
PL,POL,616,Poland,poland|republic of poland|pologne|republique de pologne|polen|republik polen|polonia|republica de polonia|repubblica di polonia|republica da polonia,52,20,,Polen,Polonia,Polonia,ポーランド,폴란드,Polen,Polónia,波兰
PR,PRI,630,Puerto Rico,puerto rico|commonwealth of puerto rico|porto rico|freistaat puerto rico|asociado de puerto rico|commonwealth di porto rico,18.25,-66.5,US,Puerto Rico,Puerto Rico,Porto Rico,プエルトリコ,푸에르토리코,Puerto Rico,Porto Rico,波多黎各
KP,PRK,408,North Korea,north korea|democratic people s republic of korea|coree du nord|republique populaire democratique de coree|nordkorea|demokratische volksrepublik korea|corea del norte|republica popular democratica de corea|corea del nord|repubblica democratica popolare di corea|coreia do norte|republica popular democratica da coreia,40,127,,Nordkorea,Corea del Norte,Corea del Nord,北朝鮮,조선,Noord-Korea,Coreia do Norte,朝鲜
PT,PRT,620,Portugal,portugal|portuguese republic|republique portugaise|portugiesische republik|republica portuguesa|portogallo|repubblica portoghese|republica portugues,39.5,-8,,Portugal,Portugal,Portogallo,ポルトガル,포르투갈,Portugal,Portugal,葡萄牙
PY,PRY,600,Paraguay,paraguay|republic of paraguay|republique du paraguay|republik paraguay|republica de paraguay|repubblica del paraguay|paraguai|republica do paraguai,-23,-58,,Paraguay,Paraguay,Paraguay,パラグアイ,파라과이,Paraguay,Paraguai,巴拉圭
PS,PSE,275,Palestine,palestine|state of palestine|etat de palestine|palastina|staat palastina|palestina|estado de palestina|stato di palestina|estado da palestina,31.9,35.2,,Palästina,Palestina,Palestina,パレスチナ,팔레스타인,Palestijnse gebieden,Palestina,巴勒斯坦
PF,PYF,258,French Polynesia,french polynesia|polynesie francaise|franzosisch polynesien|polinesia francesa|polinesia frances|polinesia francese,-15,-140,FR,Französisch-Polynesien,Polinesia Francesa,Polinesia Francese,フランス領ポリネシア,프랑스령 폴리네시아,Frans-Polynesië,Polinésia Francesa,法属波利尼西亚
QA,QAT,634,Qatar,qatar|state of qatar|etat du qatar|katar|staat katar|catar|estado de qatar|stato del qatar|estado do qatar,25.5,51.25,,Katar,Catar,Qatar,カタール,카타르,Qatar,Catar,卡塔尔
RE,REU,638,Réunion,reunion|reunion island|ile de la reunion|isla de la reunion|riunione|reuniao|ilha da reuniao,-21.15,55.5,FR,Réunion,Reunión,Riunione,レユニオン,레위니옹,Réunion,Reunião,留尼旺岛
RO,ROU,642,Romania,romania|roumanie|rumanien|rumania|romenia,46,25,,Rumänien,Rumania,Romania,ルーマニア,루마니아,Roemenië,Roménia,罗马尼亚
RU,RUS,643,Russia,russia|russian federation|russie|federation de russie|russland|russische foderation|rusia|federacion de rusia|federazione russa|federacao russa,60,100,,Russland,Rusia,Russia,ロシア,러시아,Rusland,Rússia,俄罗斯
RW,RWA,646,Rwanda,rwanda|republic of rwanda|republique rwandaise|ruanda|republik ruanda|republica de rwanda|repubblica del ruanda|republica do ruanda,-2,30,,Ruanda,Ruanda,Ruanda,ルワンダ,르완다,Rwanda,Ruanda,卢旺达
SA,SAU,682,Saudi Arabia,saudi arabia|kingdom of saudi arabia|arabie saoudite|royaume d arabie saoudite|saudi arabien|konigreich saudi arabien|arabia saudi|reino de arabia saudita|arabia saudita|reino da arabia saudita,25,45,,Saudi-Arabien,Arabia Saudí,Arabia Saudita,サウジアラビア,사우디아라비아,Saoedi-Arabië,Arábia Saudita,沙特阿拉伯
SD,SDN,729,Sudan,sudan|republic of the sudan|soudan|republique du soudan|republik sudan|republica de sudan|repubblica del sudan|sudao|republica do sudao,15,30,,Sudan,Sudán,Sudan,スーダン,수단,Soedan,Sudão,苏丹
SN,SEN,686,Senegal,senegal|republic of senegal|republique du senegal|republik senegal|republica de senegal|repubblica del senegal|republica do senegal,14,-14,,Senegal,Senegal,Senegal,セネガル,세네갈,Senegal,Senegal,塞内加尔
SG,SGP,702,Singapore,singapore|republic of singapore|singapour|republique de singapour|singapur|republik singapur|republica de singapur|repubblica di singapore|singapura|republica de singapura,1.367,103.8,,Singapur,Singapur,Singapore,シンガポール,싱가포르,Singapore,Singapura,新加坡
GS,SGS,239,South Georgia,south georgia|south georgia and the south sandwich islands|georgie du sud et les iles sandwich du sud|sudgeorgien und die sudlichen sandwichinseln|islas georgias del sur y sandwich del sur|georgia del sur y las islas sandwich del sur|georgia del sud e isole sandwich meridionali|georgia del sud e isole sandwich del sud|ilhas georgia do sul e sandwich do sul|georgia do sul e sandwich do sul,-54.5,-37,GB,Südgeorgien und die Südlichen Sandwichinseln,Islas Georgias del Sur y Sandwich del Sur,Georgia del Sud e Isole Sandwich Meridionali,サウスジョージア・サウスサンドウィッチ諸島,조지아,Zuid-Georgia en Zuidelijke Sandwicheilanden,Ilhas Geórgia do Sul e Sandwich do Sul,南乔治亚
SJ,SJM,744,Svalbard and Jan Mayen,svalbard and jan mayen|svalbard og jan mayen|svalbard et jan mayen|jan mayen svalbard|spitzbergen und jan mayen|islas svalbard y jan mayen|svalbard e jan mayen|ilhas svalbard e jan mayen,78,20,NO,Spitzbergen und Jan Mayen,Islas Svalbard y Jan Mayen,Svalbard e Jan Mayen,スヴァールバル諸島およびヤンマイエン島,스발바르 얀마옌 제도,Svalbard en Jan Mayen,Ilhas Svalbard e Jan Mayen,斯瓦尔巴特
SB,SLB,090,Solomon Islands,solomon islands|iles salomon|salomonen|islas salomon|isole salomone|ilhas salomao,-8,159,,Salomonen,Islas Salomón,Isole Salomone,ソロモン諸島,솔로몬 제도,Salomonseilanden,Ilhas Salomão,所罗门群岛
SL,SLE,694,Sierra Leone,sierra leone|republic of sierra leone|republique de sierra leone|republik sierra leone|republica de sierra leona|repubblica della sierra leone|serra leoa|republica da serra leoa,8.5,-11.5,,Sierra Leone,Sierra Leone,Sierra Leone,シエラレオネ,시에라리온,Sierra Leone,Serra Leoa,塞拉利昂
SV,SLV,222,El Salvador,el salvador|republic of el salvador|salvador|republique du salvador|republik el salvador|republica de el salvador|repubblica di el salvador,13.833,-88.917,,El Salvador,El Salvador,El Salvador,エルサルバドル,엘살바도르,El Salvador,El Salvador,萨尔瓦多
SM,SMR,674,San Marino,san marino|most serene republic of san marino|saint marin|republique de saint marin|republik san marino|serenisima republica de san marino|serenissima repubblica di san marino|serenissima republica de san marino,43.767,12.417,,San Marino,San Marino,San Marino,サンマリノ,산마리노,San Marino,San Marino,圣马力诺
SO,SOM,706,Somalia,somalia|federal republic of somalia|somalie|republique federale de somalie|bundesrepublik somalia|republica federal de somalia|repubblica federale di somalia|republica federal da somalia,10,49,,Somalia,Somalia,Somalia,ソマリア,소말리아,Somalië,Somália,索马里
PM,SPM,666,Saint Pierre and Miquelon,saint pierre and miquelon|saint pierre et miquelon|st pierre und miquelon|san pedro y miquelon|saint pierre e miquelon,46.833,-56.333,FR,St. Pierre und Miquelon,San Pedro y Miquelón,Saint-Pierre e Miquelon,サンピエール島及びミクロン島,생피에르 미클롱,Saint Pierre en Miquelon,Saint-Pierre e Miquelon,圣皮埃尔和密克隆
RS,SRB,688,Serbia,serbia|republic of serbia|serbie|republique de serbie|serbien|republik serbien|republica de serbia|repubblica di serbia|servia|republica da servia,44,21,,Serbien,Serbia,Serbia,セルビア,세르비아,Servië,Sérvia,塞尔维亚
SS,SSD,728,South Sudan,south sudan|republic of south sudan|soudan du sud|republique du soudan du sud|sudsudan|republik sudsudan|sudan del sur|republica de sudan del sur|sudan del sud|repubblica del sudan del sud|sudao do sul|republica do sudao do sul,7,30,,Südsudan,Sudán del Sur,Sudan del sud,南スーダン,남수단,Zuid-Soedan,Sudão do Sul,南苏丹
ST,STP,678,São Tomé and Príncipe,sao tome and principe|democratic republic of sao tome and principe|sao tome et principe|republique democratique de sao tome et principe|sao tome und principe|demokratische republik sao tome und principe|santo tome y principe|republica democratica de santo tome y principe|sao tome e principe|repubblica democratica di sao tome e principe|republica democratica de sao tome e principe,1,7,,São Tomé und Príncipe,Santo Tomé y Príncipe,São Tomé e Príncipe,サントメ・プリンシペ,상투메 프린시페,Sao Tomé en Principe,São Tomé e Príncipe,圣多美和普林西比
SR,SUR,740,Suriname,suriname|republic of suriname|surinam|republique du suriname|republik suriname|republica de suriname|repubblica del suriname|republica do suriname,4,-56,,Suriname,Surinam,Suriname,スリナム,수리남,Suriname,Suriname,苏里南
SK,SVK,703,Slovakia,slovakia|slovak republic|slovaquie|republique slovaque|slowakei|slowakische republik|eslovaquia|republica eslovaca|slovacchia|repubblica slovacca,48.667,19.5,,Slowakei,Eslovaquia,Slovacchia,スロバキア,슬로바키아,Slowakije,Eslováquia,斯洛伐克
SI,SVN,705,Slovenia,slovenia|republic of slovenia|slovenie|republique de slovenie|slowenien|republik slowenien|eslovenia|republica de eslovenia|repubblica di slovenia|republica da eslovenia,46.117,14.817,,Slowenien,Eslovenia,Slovenia,スロベニア,슬로베니아,Slovenië,Eslovénia,斯洛文尼亚
SE,SWE,752,Sweden,sweden|kingdom of sweden|suede|royaume de suede|schweden|konigreich schweden|suecia|reino de suecia|svezia|regno di svezia|reino da suecia,62,15,,Schweden,Suecia,Svezia,スウェーデン,스웨덴,Zweden,Suécia,瑞典
SZ,SWZ,748,Eswatini,eswatini|kingdom of eswatini|swaziland|royaume d eswatini|swasiland|konigreich eswatini|suazilandia|reino de eswatini|regno di eswatini,-26.5,31.5,,Swasiland,Suazilandia,Swaziland,エスワティニ,에스와티니,Swaziland,Suazilândia,斯威士兰
SX,SXM,534,Sint Maarten,sint maarten|saint martin|sao martinho,18.033,-63.05,NL,Sint Maarten,Sint Maarten,Sint Maarten,シント・マールテン,신트마르턴,Sint Maarten,São Martinho,圣马丁岛
SC,SYC,690,Seychelles,seychelles|republic of seychelles|republique des seychelles|seychellen|republik der seychellen|republica de las seychelles|repubblica delle seychelles|seicheles|republica das seychelles,-4.583,55.667,,Seychellen,Seychelles,Seychelles,セーシェル,세이셸,Seychellen,Seicheles,塞舌尔
SY,SYR,760,Syria,syria|syrian arab republic|syrie|republique arabe syrienne|syrien|arabische republik syrien|siria|republica arabe siria|repubblica araba siriana,35,38,,Syrien,Siria,Siria,シリア,시리아,Syrië,Síria,叙利亚
TC,TCA,796,Turks and Caicos Islands,turks and caicos islands|iles turques et caiques|turks und caicosinseln|turks und caicos inseln|islas turks y caicos|islas turcas y caicos|isole turks e caicos|turks e caicos|ilhas turks e caicos,21.75,-71.583,GB,Turks-und Caicosinseln,Islas Turks y Caicos,Isole Turks e Caicos,タークス・カイコス諸島,터크스 케이커스 제도,Turks-en Caicoseilanden,Ilhas Turks e Caicos,特克斯和凯科斯群岛
TD,TCD,148,Chad,chad|republic of chad|tchad|republique du tchad|tschad|republik tschad|republica de chad|ciad|repubblica del ciad|chade|republica do chade,15,19,,Tschad,Chad,Ciad,チャド,차드,Tsjaad,Chade,乍得
TG,TGO,768,Togo,togo|togolese republic|republique togolaise|republik togo|republica de togo|repubblica del togo|republica do togo,8,1.167,,Togo,Togo,Togo,トーゴ,토고,Togo,Togo,多哥
TH,THA,764,Thailand,thailand|kingdom of thailand|thailande|royaume de thailande|konigreich thailand|tailandia|reino de tailandia|regno di thailandia|reino da tailandia,15,100,,Thailand,Tailandia,Tailandia,タイ,태국,Thailand,Tailândia,泰国
TJ,TJK,762,Tajikistan,tajikistan|republic of tajikistan|tadjikistan|republique du tadjikistan|tadschikistan|republik tadschikistan|tayikistan|republica de tayikistan|tagikistan|repubblica del tajikistan|tajiquistao|republica do tajiquistao,39,71,,Tadschikistan,Tayikistán,Tagikistan,タジキスタン,타지키스탄,Tadzjikistan,Tajiquistão,塔吉克斯坦
TK,TKL,772,Tokelau,tokelau|iles tokelau|islas tokelau|isole tokelau,-9,-172,NZ,Tokelau,Islas Tokelau,Isole Tokelau,トケラウ,토켈라우,Tokelau,Tokelau,托克劳
TM,TKM,795,Turkmenistan,turkmenistan|turquemenistao|turcomenistao,40,60,,Turkmenistan,Turkmenistán,Turkmenistan,トルクメニスタン,투르크메니스탄,Turkmenistan,Turquemenistão,土库曼斯坦
TL,TLS,626,Timor-Leste,timor leste|democratic republic of timor leste|timor oriental|republique democratique du timor oriental|osttimor|demokratische republik timor leste|republica democratica de timor leste|timor est|repubblica democratica di timor est,-8.833,125.917,,Osttimor,Timor Oriental,Timor Est,東ティモール,동티모르,Oost-Timor,Timor-Leste,东帝汶
TO,TON,776,Tonga,tonga|kingdom of tonga|royaume des tonga|konigreich tonga|reino de tonga|regno di tonga,-20,-175,,Tonga,Tonga,Tonga,トンガ,통가,Tonga,Tonga,汤加
TT,TTO,780,Trinidad and Tobago,trinidad and tobago|republic of trinidad and tobago|trinite et tobago|republique de trinite et tobago|trinidad und tobago|republik trinidad und tobago|trinidad y tobago|republica de trinidad y tobago|trinidad e tobago|repubblica di trinidad e tobago|trinidade e tobago|republica de trinidad e tobago,11,-61,,Trinidad und Tobago,Trinidad y Tobago,Trinidad e Tobago,トリニダード・トバゴ,트리니다드 토바고,Trinidad en Tobago,Trinidade e Tobago,特立尼达和多巴哥
TN,TUN,788,Tunisia,tunisia|tunisian republic|tunisie|republique tunisienne|tunesien|tunesische republik|tunez|republica de tunez|repubblica tunisina|republica da tunisia,34,9,,Tunesien,Túnez,Tunisia,チュニジア,튀니지,Tunesië,Tunísia,突尼斯
TR,TUR,792,Türkiye,turkiye|republic of turkiye|turquie|republique de turquie|turkei|republik turkei|turquia|republica de turquia|turchia|repubblica di turchia|republica da turquia,39,35,,Türkei,Turquía,Turchia,トルコ,터키,Turkije,Turquia,土耳其
TV,TUV,798,Tuvalu,tuvalu,-8,178,,Tuvalu,Tuvalu,Tuvalu,ツバル,투발루,Tuvalu,Tuvalu,图瓦卢
TW,TWN,158,Taiwan,taiwan|republic of china taiwan|republique de chine taiwan|republik china taiwan|republica de china en taiwan|repubblica cinese taiwan|ilha formosa|republica da china,23.5,121,,Taiwan,Taiwán,Taiwan,中華民国,대만,Taiwan,Ilha Formosa,台灣
TZ,TZA,834,Tanzania,tanzania|united republic of tanzania|tanzanie|republique unie de tanzanie|tansania|vereinigte republik tansania|republica unida de tanzania|repubblica unita di tanzania|republica unida da tanzania,-6,35,,Tansania,Tanzania,Tanzania,タンザニア,탄자니아,Tanzania,Tanzânia,坦桑尼亚
UG,UGA,800,Uganda,uganda|republic of uganda|ouganda|republique de l ouganda|republik uganda|republica de uganda|repubblica di uganda|republica do uganda,1,32,,Uganda,Uganda,Uganda,ウガンダ,우간다,Oeganda,Uganda,乌干达
UA,UKR,804,Ukraine,ukraine|ucrania|ucraina,49,32,,Ukraine,Ucrania,Ucraina,ウクライナ,우크라이나,Oekraïne,Ucrânia,乌克兰
UM,UMI,581,United States Minor Outlying Islands,united states minor outlying islands|iles mineures eloignees des etats unis|kleinere inselbesitzungen der vereinigten staaten|usa kleinere ausgelagerte inseln|islas ultramarinas menores de estados unidos|estados unidos islas menores alejadas de|isole minori esterne degli stati uniti d america|stati uniti isole minori|ilhas menores distantes dos estados unidos|estados unidos ilhas menores distantes,19.3,166.633,US,Kleinere Inselbesitzungen der Vereinigten Staaten,Islas Ultramarinas Menores de Estados Unidos,Isole minori esterne degli Stati Uniti d'America,合衆国領有小離島,미국령 군소 제도,Kleine afgelegen eilanden van de Verenigde Staten,Ilhas Menores Distantes dos Estados Unidos,美国本土外小岛屿
UY,URY,858,Uruguay,uruguay|oriental republic of uruguay|republique orientale de l uruguay|republik ostlich des uruguay|republica oriental del uruguay|repubblica orientale dell uruguay|uruguai|republica oriental do uruguai,-33,-56,,Uruguay,Uruguay,Uruguay,ウルグアイ,우루과이,Uruguay,Uruguai,乌拉圭
US,USA,840,United States,united states|united states of america|etats unis|les etats unis d amerique|vereinigte staaten|vereinigte staaten von amerika|estados unidos|estados unidos de america|stati uniti d america|estados unidos da america,38,-97,,Vereinigte Staaten,Estados Unidos,Stati Uniti d'America,アメリカ,미국,Verenigde Staten,Estados Unidos,美国
UZ,UZB,860,Uzbekistan,uzbekistan|republic of uzbekistan|ouzbekistan|republique d ouzbekistan|usbekistan|republik usbekistan|republica de uzbekistan|repubblica di uzbekistan|uzbequistao|republica do usbequistao,41,64,,Usbekistan,Uzbekistán,Uzbekistan,ウズベキスタン,우즈베키스탄,Oezbekistan,Uzbequistão,乌兹别克斯坦
VA,VAT,336,Vatican City,vatican city|vatican city state|cite du vatican|vatikanstadt|staat vatikanstadt|ciudad del vaticano|citta del vaticano|cidade do vaticano,41.9,12.45,,Vatikanstadt,Ciudad del Vaticano,Città del Vaticano,バチカン,바티칸,Vaticaanstad,Cidade do Vaticano,梵蒂冈
VC,VCT,670,Saint Vincent and the Grenadines,saint vincent and the grenadines|saint vincent et les grenadines|st vincent und die grenadinen|san vicente y granadinas|san vicente y las granadinas|saint vincent e grenadine|sao vincente e granadinas|sao vicente e granadinas,13.25,-61.2,,St. Vincent und die Grenadinen,San Vicente y Granadinas,Saint Vincent e Grenadine,セントビンセント・グレナディーン,세인트빈센트 그레나딘,Saint Vincent en de Grenadines,São Vincente e Granadinas,圣文森特和格林纳丁斯
VE,VEN,862,Venezuela,venezuela|bolivarian republic of venezuela|republique bolivarienne du venezuela|bolivarische republik venezuela|republica bolivariana de venezuela|repubblica bolivariana del venezuela|republica bolivariana da venezuela,8,-66,,Venezuela,Venezuela,Venezuela,ベネズエラ,베네수엘라,Venezuela,Venezuela,委内瑞拉
VG,VGB,092,British Virgin Islands,british virgin islands|virgin islands|iles vierges britanniques|iles vierges|britische jungferninseln|jungferninseln|islas virgenes del reino unido|islas virgenes|isole vergini britanniche|isole vergini|ilhas virgens,18.431,-64.623,GB,Britische Jungferninseln,Islas Vírgenes del Reino Unido,Isole Vergini Britanniche,イギリス領ヴァージン諸島,영국령 버진아일랜드,Britse Maagdeneilanden,Ilhas Virgens,英属维尔京群岛
VI,VIR,850,United States Virgin Islands,united states virgin islands|virgin islands of the united states|iles vierges des etats unis|amerikanische jungferninseln|islas virgenes de los estados unidos|isole vergini americane|isole vergini degli stati uniti|ilhas virgens dos estados unidos,18.35,-64.933,US,Amerikanische Jungferninseln,Islas Vírgenes de los Estados Unidos,Isole Vergini americane,アメリカ領ヴァージン諸島,미국령 버진아일랜드,Amerikaanse Maagdeneilanden,Ilhas Virgens dos Estados Unidos,美属维尔京群岛
VN,VNM,704,Vietnam,vietnam|socialist republic of vietnam|viet nam|republique socialiste du viet nam|sozialistische republik vietnam|republica socialista de vietnam|repubblica socialista del vietnam|vietname|republica socialista do vietname,16.167,107.833,,Vietnam,Vietnam,Vietnam,ベトナム,베트남,Vietnam,Vietname,越南
VU,VUT,548,Vanuatu,vanuatu|republic of vanuatu|republique de vanuatu|republica de vanuatu|repubblica di vanuatu,-16,167,,Vanuatu,Vanuatu,Vanuatu,バヌアツ,바누아투,Vanuatu,Vanuatu,瓦努阿图
WF,WLF,876,Wallis and Futuna,wallis and futuna|territory of the wallis and futuna islands|wallis et futuna|territoire des iles wallis et futuna|wallis und futuna|gebiet der wallis und futuna|wallis y futuna|territorio de las islas wallis y futuna|wallis e futuna|territorio delle isole wallis e futuna|territorio das ilhas wallis e futuna,-13.3,-176.2,FR,Wallis und Futuna,Wallis y Futuna,Wallis e Futuna,ウォリス・フツナ,왈리스 퓌튀나,Wallis en Futuna,Wallis e Futuna,瓦利斯和富图纳群岛
WS,WSM,882,Samoa,samoa|independent state of samoa|unabhangige staat samoa|estado independiente de samoa|stato indipendente di samoa|estado independente de samoa,-13.583,-172.333,,Samoa,Samoa,Samoa,サモア,사모아,Samoa,Samoa,萨摩亚
YE,YEM,887,Yemen,yemen|republic of yemen|republique du yemen|jemen|republik jemen|republica de yemen|repubblica dello yemen|iemen|republica do iemen,15,48,,Jemen,Yemen,Yemen,イエメン,예멘,Jemen,Iémen,也门
ZA,ZAF,710,South Africa,south africa|republic of south africa|afrique du sud|republique d afrique du sud|sudafrika|republik sudafrika|sudafrica|republica de sudafrica|sud africa|repubblica del sud africa|africa do sul|republica da africa do sul,-29,24,,Südafrika,Sudáfrica,Sud Africa,南アフリカ,남아프리카,Zuid-Afrika,África do Sul,南非
ZM,ZMB,894,Zambia,zambia|republic of zambia|zambie|republique de zambie|sambia|republik sambia|republica de zambia|repubblica di zambia|republica da zambia,-15,30,,Sambia,Zambia,Zambia,ザンビア,잠비아,Zambia,Zâmbia,赞比亚
ZW,ZWE,716,Zimbabwe,zimbabwe|republic of zimbabwe|republique du zimbabwe|simbabwe|republik simbabwe|zimbabue|republica de zimbabue|repubblica dello zimbabwe|republica do zimbabwe,-20,30,,Simbabwe,Zimbabue,Zimbabwe,ジンバブエ,짐바브웨,Zimbabwe,Zimbabwe,津巴布韦
